{"_id":"range-parser","_rev":"25-e70dc7b0ecccffdc8e41ed4115dfbc30","name":"range-parser","description":"Range header field string parser","dist-tags":{"latest":"1.0.3"},"versions":{"0.0.1":{"name":"range-parser","author":{"name":"TJ Holowaychuk","email":"tj@vision-media.ca","url":"http://tjholowaychuk.com"},"description":"Range header field string parser","version":"0.0.1","main":"index.js","dependencies":{},"devDependencies":{"mocha":"*","should":"*"},"_npmUser":{"name":"tjholowaychuk","email":"tj@vision-media.ca"},"_id":"range-parser@0.0.1","optionalDependencies":{},"engines":{"node":"*"},"_engineSupported":true,"_npmVersion":"1.1.24","_nodeVersion":"v0.6.19","_defaultsLoaded":true,"dist":{"shasum":"dec6a8b9792caaef485e733b75b5b73fc7095770","tarball":"http://registry.npmjs.org/range-parser/-/range-parser-0.0.1.tgz"},"maintainers":[{"name":"tjholowaychuk","email":"tj@vision-media.ca"}],"directories":{}},"0.0.2":{"name":"range-parser","author":{"name":"TJ Holowaychuk","email":"tj@vision-media.ca","url":"http://tjholowaychuk.com"},"description":"Range header field string parser","version":"0.0.2","main":"index.js","dependencies":{},"devDependencies":{"mocha":"*","should":"*"},"_npmUser":{"name":"tjholowaychuk","email":"tj@vision-media.ca"},"_id":"range-parser@0.0.2","optionalDependencies":{},"engines":{"node":"*"},"_engineSupported":true,"_npmVersion":"1.1.19","_nodeVersion":"v0.6.16","_defaultsLoaded":true,"dist":{"shasum":"034fafbd8b266f64d8effe8fa638392b2290b288","tarball":"http://registry.npmjs.org/range-parser/-/range-parser-0.0.2.tgz"},"maintainers":[{"name":"tjholowaychuk","email":"tj@vision-media.ca"}],"directories":{}},"0.0.3":{"name":"range-parser","author":{"name":"TJ Holowaychuk","email":"tj@vision-media.ca","url":"http://tjholowaychuk.com"},"description":"Range header field string parser","version":"0.0.3","main":"index.js","dependencies":{},"devDependencies":{"mocha":"*","should":"*"},"_npmUser":{"name":"tjholowaychuk","email":"tj@vision-media.ca"},"_id":"range-parser@0.0.3","optionalDependencies":{},"engines":{"node":"*"},"_engineSupported":true,"_npmVersion":"1.1.19","_nodeVersion":"v0.6.16","_defaultsLoaded":true,"dist":{"shasum":"6e6488fb73843bd4bd626797f76b870da9765ae9","tarball":"http://registry.npmjs.org/range-parser/-/range-parser-0.0.3.tgz"},"maintainers":[{"name":"tjholowaychuk","email":"tj@vision-media.ca"}],"directories":{}},"0.0.4":{"name":"range-parser","author":{"name":"TJ Holowaychuk","email":"tj@vision-media.ca","url":"http://tjholowaychuk.com"},"description":"Range header field string parser","version":"0.0.4","main":"index.js","dependencies":{},"devDependencies":{"mocha":"*","should":"*"},"_npmUser":{"name":"tjholowaychuk","email":"tj@vision-media.ca"},"_id":"range-parser@0.0.4","optionalDependencies":{},"engines":{"node":"*"},"_engineSupported":true,"_npmVersion":"1.1.19","_nodeVersion":"v0.6.16","_defaultsLoaded":true,"dist":{"shasum":"c0427ffef51c10acba0782a46c9602e744ff620b","tarball":"http://registry.npmjs.org/range-parser/-/range-parser-0.0.4.tgz"},"maintainers":[{"name":"tjholowaychuk","email":"tj@vision-media.ca"}],"directories":{}},"1.0.0":{"name":"range-parser","author":{"name":"TJ Holowaychuk","email":"tj@vision-media.ca","url":"http://tjholowaychuk.com"},"description":"Range header field string parser","version":"1.0.0","repository":{"type":"git","url":"https://github.com/visionmedia/node-range-parser.git"},"main":"index.js","dependencies":{},"devDependencies":{"mocha":"*","should":"*"},"licenses":[{"type":"MIT","url":"https://github.com/visionmedia/node-range-parser#license"}],"bugs":{"url":"https://github.com/visionmedia/node-range-parser/issues"},"_id":"range-parser@1.0.0","dist":{"shasum":"a4b264cfe0be5ce36abe3765ac9c2a248746dbc0","tarball":"http://registry.npmjs.org/range-parser/-/range-parser-1.0.0.tgz"},"_from":".","_npmVersion":"1.2.30","_npmUser":{"name":"tjholowaychuk","email":"tj@vision-media.ca"},"maintainers":[{"name":"tjholowaychuk","email":"tj@vision-media.ca"}],"directories":{}},"1.0.1":{"name":"range-parser","author":{"name":"TJ Holowaychuk","email":"tj@vision-media.ca","url":"http://tjholowaychuk.com"},"description":"Range header field string parser","version":"1.0.1","repository":{"type":"git","url":"https://github.com/jshttp/range-parser"},"devDependencies":{"istanbul":"0","mocha":"1","should":"2"},"license":"MIT","scripts":{"test":"mocha --reporter spec --require should","test-cov":"istanbul cover node_modules/mocha/bin/_mocha -- --reporter dot --require should","test-travis":"istanbul cover node_modules/mocha/bin/_mocha --report lcovonly -- --reporter dot --require should"},"keywords":["range","parser","http"],"files":["index.js"],"gitHead":"9d84686c20af96aef0941d90cf254b31d6172049","bugs":{"url":"https://github.com/jshttp/range-parser/issues"},"homepage":"https://github.com/jshttp/range-parser","_id":"range-parser@1.0.1","_shasum":"f9da15b7451fe1b261959b63342dd92921d34da2","_from":".","_npmVersion":"1.4.21","_npmUser":{"name":"jongleberry","email":"jonathanrichardong@gmail.com"},"maintainers":[{"name":"tjholowaychuk","email":"tj@vision-media.ca"},{"name":"jonathanong","email":"jonathanrichardong@gmail.com"},{"name":"dougwilson","email":"doug@somethingdoug.com"},{"name":"jongleberry","email":"jonathanrichardong@gmail.com"}],"dist":{"shasum":"f9da15b7451fe1b261959b63342dd92921d34da2","tarball":"http://registry.npmjs.org/range-parser/-/range-parser-1.0.1.tgz"},"directories":{}},"1.0.2":{"name":"range-parser","author":{"name":"TJ Holowaychuk","email":"tj@vision-media.ca","url":"http://tjholowaychuk.com"},"description":"Range header field string parser","version":"1.0.2","license":"MIT","keywords":["range","parser","http"],"repository":{"type":"git","url":"https://github.com/jshttp/range-parser"},"devDependencies":{"istanbul":"0","mocha":"1","should":"2"},"files":["HISTORY.md","LICENSE","index.js"],"engines":{"node":">= 0.6"},"scripts":{"test":"mocha --reporter spec --require should","test-cov":"istanbul cover node_modules/mocha/bin/_mocha -- --reporter dot --require should","test-travis":"istanbul cover node_modules/mocha/bin/_mocha --report lcovonly -- --reporter dot --require should"},"gitHead":"ae23b02ce705b56e7f7c48e832d41fa710227ecc","bugs":{"url":"https://github.com/jshttp/range-parser/issues"},"homepage":"https://github.com/jshttp/range-parser","_id":"range-parser@1.0.2","_shasum":"06a12a42e5131ba8e457cd892044867f2344e549","_from":".","_npmVersion":"1.4.21","_npmUser":{"name":"dougwilson","email":"doug@somethingdoug.com"},"maintainers":[{"name":"tjholowaychuk","email":"tj@vision-media.ca"},{"name":"jonathanong","email":"jonathanrichardong@gmail.com"},{"name":"dougwilson","email":"doug@somethingdoug.com"},{"name":"jongleberry","email":"jonathanrichardong@gmail.com"}],"dist":{"shasum":"06a12a42e5131ba8e457cd892044867f2344e549","tarball":"http://registry.npmjs.org/range-parser/-/range-parser-1.0.2.tgz"},"directories":{}},"1.0.3":{"name":"range-parser","author":{"name":"TJ Holowaychuk","email":"tj@vision-media.ca","url":"http://tjholowaychuk.com"},"description":"Range header field string parser","version":"1.0.3","license":"MIT","keywords":["range","parser","http"],"repository":{"type":"git","url":"https://github.com/jshttp/range-parser"},"devDependencies":{"istanbul":"0.4.0","mocha":"1.21.5"},"files":["HISTORY.md","LICENSE","index.js"],"engines":{"node":">= 0.6"},"scripts":{"test":"mocha --reporter spec","test-cov":"istanbul cover node_modules/mocha/bin/_mocha -- --reporter dot","test-travis":"istanbul cover node_modules/mocha/bin/_mocha --report lcovonly -- --reporter dot"},"gitHead":"18e46a3de74afff9f4e22717f11ddd6e9aa6d845","bugs":{"url":"https://github.com/jshttp/range-parser/issues"},"homepage":"https://github.com/jshttp/range-parser","_id":"range-parser@1.0.3","_shasum":"6872823535c692e2c2a0103826afd82c2e0ff175","_from":".","_npmVersion":"1.4.28","_npmUser":{"name":"dougwilson","email":"doug@somethingdoug.com"},"maintainers":[{"name":"tjholowaychuk","email":"tj@vision-media.ca"},{"name":"jonathanong","email":"jonathanrichardong@gmail.com"},{"name":"dougwilson","email":"doug@somethingdoug.com"},{"name":"jongleberry","email":"jonathanrichardong@gmail.com"}],"dist":{"shasum":"6872823535c692e2c2a0103826afd82c2e0ff175","tarball":"http://registry.npmjs.org/range-parser/-/range-parser-1.0.3.tgz"},"directories":{}}},"readme":"# range-parser\n\n[![NPM Version][npm-image]][npm-url]\n[![NPM Downloads][downloads-image]][downloads-url]\n[![Node.js Version][node-version-image]][node-version-url]\n[![Build Status][travis-image]][travis-url]\n[![Test Coverage][coveralls-image]][coveralls-url]\n\nRange header field parser.\n\n## Installation\n\n```\n$ npm install range-parser\n```\n\n## API\n\n```js\nvar parseRange = require('range-parser')\n```\n\n### parseRange(size, header)\n\nParse the given `header` string where `size` is the maximum size of the resource.\nAn array of ranges will be returned or negative numbers indicating an error parsing.\n\n  * `-2` signals a malformed header string\n  * `-1` signals an invalid range\n\n```js\n// parse header from request\nvar range = parseRange(req.headers.range)\n\n// the type of the range\nif (range.type === 'bytes') {\n  // the ranges\n  range.forEach(function (r) {\n    // do something with r.start and r.end\n  })\n}\n```\n\n## License\n\n[MIT](LICENSE)\n\n[npm-image]: https://img.shields.io/npm/v/range-parser.svg\n[npm-url]: https://npmjs.org/package/range-parser\n[node-version-image]: https://img.shields.io/node/v/range-parser.svg\n[node-version-url]: http://nodejs.org/download/\n[travis-image]: https://img.shields.io/travis/jshttp/range-parser.svg\n[travis-url]: https://travis-ci.org/jshttp/range-parser\n[coveralls-image]: https://img.shields.io/coveralls/jshttp/range-parser.svg\n[coveralls-url]: https://coveralls.io/r/jshttp/range-parser\n[downloads-image]: https://img.shields.io/npm/dm/range-parser.svg\n[downloads-url]: https://npmjs.org/package/range-parser\n","maintainers":[{"name":"tjholowaychuk","email":"tj@vision-media.ca"},{"name":"jonathanong","email":"jonathanrichardong@gmail.com"},{"name":"dougwilson","email":"doug@somethingdoug.com"},{"name":"jongleberry","email":"jonathanrichardong@gmail.com"}],"time":{"modified":"2015-10-29T23:12:00.478Z","created":"2012-06-11T16:08:20.957Z","0.0.1":"2012-06-11T16:08:22.373Z","0.0.2":"2012-06-18T00:15:02.069Z","0.0.3":"2012-06-18T00:28:29.754Z","0.0.4":"2012-06-18T00:56:34.968Z","1.0.0":"2013-12-11T20:35:49.123Z","1.0.1":"2014-09-08T01:00:41.796Z","1.0.2":"2014-09-09T02:45:20.606Z","1.0.3":"2015-10-29T23:12:00.478Z"},"author":{"name":"TJ Holowaychuk","email":"tj@vision-media.ca","url":"http://tjholowaychuk.com"},"users":{"m42am":true,"feross":true,"abdul":true,"simplyianm":true},"repository":{"type":"git","url":"https://github.com/jshttp/range-parser"},"bugs":{"url":"https://github.com/jshttp/range-parser/issues"},"readmeFilename":"README.md","homepage":"https://github.com/jshttp/range-parser","keywords":["range","parser","http"],"license":"MIT","_attachments":{},"_etag":"\"WUN9A797QWJ2XJXZWC3LSZ0X\""}