{"_id":"cookie","_rev":"66-68205d7b2306c0b814ef115402b6ab1e","name":"cookie","description":"cookie parsing and serialization","dist-tags":{"latest":"0.2.3"},"versions":{"0.0.0":{"author":{"name":"Roman Shtylman","email":"shtylman@gmail.com"},"name":"cookie","description":"cookie parsing and serialization","version":"0.0.0","repository":{"type":"git","url":"git://github.com/shtylman/node-cookie.git"},"keywords":["cookie","cookies"],"main":"index.js","scripts":{"test":"mocha"},"dependencies":{},"devDependencies":{"mocha":"1.x.x"},"optionalDependencies":{},"engines":{"node":"*"},"_npmUser":{"name":"shtylman","email":"shtylman@gmail.com"},"_id":"cookie@0.0.0","_engineSupported":true,"_npmVersion":"1.1.12","_nodeVersion":"v0.6.14","_defaultsLoaded":true,"dist":{"shasum":"a134b9c981df85c8a67b1620be5a36c0db1bdc63","tarball":"http://registry.npmjs.org/cookie/-/cookie-0.0.0.tgz"},"maintainers":[{"name":"shtylman","email":"shtylman@gmail.com"}],"directories":{}},"0.0.1":{"author":{"name":"Roman Shtylman","email":"shtylman@gmail.com"},"name":"cookie","description":"cookie parsing and serialization","version":"0.0.1","repository":{"type":"git","url":"git://github.com/shtylman/node-cookie.git"},"keywords":["cookie","cookies"],"main":"index.js","scripts":{"test":"mocha"},"dependencies":{},"devDependencies":{"mocha":"1.x.x"},"optionalDependencies":{},"engines":{"node":"*"},"_npmUser":{"name":"shtylman","email":"shtylman@gmail.com"},"_id":"cookie@0.0.1","_engineSupported":true,"_npmVersion":"1.1.12","_nodeVersion":"v0.6.14","_defaultsLoaded":true,"dist":{"shasum":"3162dd34ea833740e2e0d6e7129f2dcd55dcf7ed","tarball":"http://registry.npmjs.org/cookie/-/cookie-0.0.1.tgz"},"maintainers":[{"name":"shtylman","email":"shtylman@gmail.com"}],"directories":{}},"0.0.2":{"author":{"name":"Roman Shtylman","email":"shtylman@gmail.com"},"name":"cookie","description":"cookie parsing and serialization","version":"0.0.2","repository":{"type":"git","url":"git://github.com/shtylman/node-cookie.git"},"keywords":["cookie","cookies"],"main":"index.js","scripts":{"test":"mocha"},"dependencies":{},"devDependencies":{"mocha":"1.x.x"},"optionalDependencies":{},"engines":{"node":"*"},"_npmUser":{"name":"shtylman","email":"shtylman@gmail.com"},"_id":"cookie@0.0.2","_engineSupported":true,"_npmVersion":"1.1.12","_nodeVersion":"v0.6.14","_defaultsLoaded":true,"dist":{"shasum":"17aedf62bc6af53745fecb55c45c3f097c2e858b","tarball":"http://registry.npmjs.org/cookie/-/cookie-0.0.2.tgz"},"maintainers":[{"name":"shtylman","email":"shtylman@gmail.com"}],"directories":{}},"0.0.3":{"author":{"name":"Roman Shtylman","email":"shtylman@gmail.com"},"name":"cookie","description":"cookie parsing and serialization","version":"0.0.3","repository":{"type":"git","url":"git://github.com/shtylman/node-cookie.git"},"keywords":["cookie","cookies"],"main":"index.js","scripts":{"test":"mocha"},"dependencies":{},"devDependencies":{"mocha":"1.x.x"},"optionalDependencies":{},"engines":{"node":"*"},"_npmUser":{"name":"shtylman","email":"shtylman@gmail.com"},"_id":"cookie@0.0.3","_engineSupported":true,"_npmVersion":"1.1.21","_nodeVersion":"v0.7.10-pre","_defaultsLoaded":true,"dist":{"shasum":"732b0e64cb77186954f5e36b0b6bcfd062a12e91","tarball":"http://registry.npmjs.org/cookie/-/cookie-0.0.3.tgz"},"maintainers":[{"name":"shtylman","email":"shtylman@gmail.com"}],"directories":{}},"0.0.4":{"author":{"name":"Roman Shtylman","email":"shtylman@gmail.com"},"name":"cookie","description":"cookie parsing and serialization","version":"0.0.4","repository":{"type":"git","url":"git://github.com/shtylman/node-cookie.git"},"keywords":["cookie","cookies"],"main":"index.js","scripts":{"test":"mocha"},"dependencies":{},"devDependencies":{"mocha":"1.x.x"},"optionalDependencies":{},"engines":{"node":"*"},"_npmUser":{"name":"shtylman","email":"shtylman@gmail.com"},"_id":"cookie@0.0.4","_engineSupported":true,"_npmVersion":"1.1.24","_nodeVersion":"v0.6.20-pre","_defaultsLoaded":true,"dist":{"shasum":"5456bd47aee2666eac976ea80a6105940483fe98","tarball":"http://registry.npmjs.org/cookie/-/cookie-0.0.4.tgz"},"maintainers":[{"name":"shtylman","email":"shtylman@gmail.com"}],"directories":{}},"0.0.5":{"author":{"name":"Roman Shtylman","email":"shtylman@gmail.com"},"name":"cookie","description":"cookie parsing and serialization","version":"0.0.5","repository":{"type":"git","url":"git://github.com/shtylman/node-cookie.git"},"keywords":["cookie","cookies"],"main":"index.js","scripts":{"test":"mocha"},"dependencies":{},"devDependencies":{"mocha":"1.x.x"},"optionalDependencies":{},"engines":{"node":"*"},"_id":"cookie@0.0.5","dist":{"shasum":"f9acf9db57eb7568c9fcc596256b7bb22e307c81","tarball":"http://registry.npmjs.org/cookie/-/cookie-0.0.5.tgz"},"maintainers":[{"name":"shtylman","email":"shtylman@gmail.com"}],"directories":{}},"0.0.6":{"author":{"name":"Roman Shtylman","email":"shtylman@gmail.com"},"name":"cookie","description":"cookie parsing and serialization","version":"0.0.6","repository":{"type":"git","url":"git://github.com/shtylman/node-cookie.git"},"keywords":["cookie","cookies"],"main":"index.js","scripts":{"test":"mocha"},"dependencies":{},"devDependencies":{"mocha":"1.x.x"},"optionalDependencies":{},"engines":{"node":"*"},"_id":"cookie@0.0.6","dist":{"shasum":"7bc6bb50205dcb98cf13ad09d6c60bc523f6fcb7","tarball":"http://registry.npmjs.org/cookie/-/cookie-0.0.6.tgz"},"_from":".","_npmVersion":"1.2.14","_npmUser":{"name":"shtylman","email":"shtylman@gmail.com"},"maintainers":[{"name":"shtylman","email":"shtylman@gmail.com"}],"directories":{}},"0.1.0":{"author":{"name":"Roman Shtylman","email":"shtylman@gmail.com"},"name":"cookie","description":"cookie parsing and serialization","version":"0.1.0","repository":{"type":"git","url":"git://github.com/shtylman/node-cookie.git"},"keywords":["cookie","cookies"],"main":"index.js","scripts":{"test":"mocha"},"dependencies":{},"devDependencies":{"mocha":"1.x.x"},"optionalDependencies":{},"engines":{"node":"*"},"_id":"cookie@0.1.0","dist":{"shasum":"90eb469ddce905c866de687efc43131d8801f9d0","tarball":"http://registry.npmjs.org/cookie/-/cookie-0.1.0.tgz"},"_from":".","_npmVersion":"1.2.18","_npmUser":{"name":"shtylman","email":"shtylman@gmail.com"},"maintainers":[{"name":"shtylman","email":"shtylman@gmail.com"}],"directories":{}},"0.1.1":{"author":{"name":"Roman Shtylman","email":"shtylman@gmail.com"},"name":"cookie","description":"cookie parsing and serialization","version":"0.1.1","repository":{"type":"git","url":"git://github.com/shtylman/node-cookie.git"},"keywords":["cookie","cookies"],"main":"index.js","scripts":{"test":"mocha"},"dependencies":{},"devDependencies":{"mocha":"1.x.x"},"optionalDependencies":{},"engines":{"node":"*"},"bugs":{"url":"https://github.com/shtylman/node-cookie/issues"},"homepage":"https://github.com/shtylman/node-cookie","_id":"cookie@0.1.1","dist":{"shasum":"cbd4b537aa65f800b6c66ead2520ba8d6afbdf54","tarball":"http://registry.npmjs.org/cookie/-/cookie-0.1.1.tgz"},"_from":".","_npmVersion":"1.3.24","_npmUser":{"name":"shtylman","email":"shtylman@gmail.com"},"maintainers":[{"name":"shtylman","email":"shtylman@gmail.com"}],"directories":{}},"0.1.2":{"author":{"name":"Roman Shtylman","email":"shtylman@gmail.com"},"name":"cookie","description":"cookie parsing and serialization","version":"0.1.2","repository":{"type":"git","url":"git://github.com/shtylman/node-cookie.git"},"keywords":["cookie","cookies"],"main":"index.js","scripts":{"test":"mocha"},"dependencies":{},"devDependencies":{"mocha":"1.x.x"},"optionalDependencies":{},"engines":{"node":"*"},"bugs":{"url":"https://github.com/shtylman/node-cookie/issues"},"homepage":"https://github.com/shtylman/node-cookie","_id":"cookie@0.1.2","dist":{"shasum":"72fec3d24e48a3432073d90c12642005061004b1","tarball":"http://registry.npmjs.org/cookie/-/cookie-0.1.2.tgz"},"_from":".","_npmVersion":"1.4.6","_npmUser":{"name":"shtylman","email":"shtylman@gmail.com"},"maintainers":[{"name":"shtylman","email":"shtylman@gmail.com"}],"directories":{}},"0.1.3":{"name":"cookie","description":"cookie parsing and serialization","version":"0.1.3","author":{"name":"Roman Shtylman","email":"shtylman@gmail.com"},"license":"MIT","keywords":["cookie","cookies"],"repository":{"type":"git","url":"https://github.com/jshttp/cookie"},"devDependencies":{"istanbul":"0.3.9","mocha":"1.x.x"},"files":["LICENSE","README.md","index.js"],"engines":{"node":"*"},"scripts":{"test":"mocha --reporter spec --bail --check-leaks test/","test-ci":"istanbul cover node_modules/mocha/bin/_mocha --report lcovonly -- --reporter spec --check-leaks test/","test-cov":"istanbul cover node_modules/mocha/bin/_mocha -- --reporter dot --check-leaks test/"},"gitHead":"f46097723c16f920a7b9759e154c34792e1d1a3b","bugs":{"url":"https://github.com/jshttp/cookie/issues"},"homepage":"https://github.com/jshttp/cookie","_id":"cookie@0.1.3","_shasum":"e734a5c1417fce472d5aef82c381cabb64d1a435","_from":".","_npmVersion":"1.4.28","_npmUser":{"name":"dougwilson","email":"doug@somethingdoug.com"},"maintainers":[{"name":"defunctzombie","email":"shtylman@gmail.com"},{"name":"dougwilson","email":"doug@somethingdoug.com"},{"name":"jongleberry","email":"jonathanrichardong@gmail.com"}],"dist":{"shasum":"e734a5c1417fce472d5aef82c381cabb64d1a435","tarball":"http://registry.npmjs.org/cookie/-/cookie-0.1.3.tgz"},"directories":{}},"0.2.0":{"name":"cookie","description":"cookie parsing and serialization","version":"0.2.0","author":{"name":"Roman Shtylman","email":"shtylman@gmail.com"},"license":"MIT","keywords":["cookie","cookies"],"repository":{"type":"git","url":"https://github.com/jshttp/cookie"},"devDependencies":{"istanbul":"0.3.17","mocha":"1.21.5"},"files":["HISTORY.md","LICENSE","README.md","index.js"],"engines":{"node":">= 0.6"},"scripts":{"test":"mocha --reporter spec --bail --check-leaks test/","test-ci":"istanbul cover node_modules/mocha/bin/_mocha --report lcovonly -- --reporter spec --check-leaks test/","test-cov":"istanbul cover node_modules/mocha/bin/_mocha -- --reporter dot --check-leaks test/"},"gitHead":"e0d36be803099855dfa323de092eed97bec155bd","bugs":{"url":"https://github.com/jshttp/cookie/issues"},"homepage":"https://github.com/jshttp/cookie","_id":"cookie@0.2.0","_shasum":"9708beeaa361857de7d16516fea779572625caad","_from":".","_npmVersion":"1.4.28","_npmUser":{"name":"dougwilson","email":"doug@somethingdoug.com"},"maintainers":[{"name":"defunctzombie","email":"shtylman@gmail.com"},{"name":"dougwilson","email":"doug@somethingdoug.com"},{"name":"jongleberry","email":"jonathanrichardong@gmail.com"}],"dist":{"shasum":"9708beeaa361857de7d16516fea779572625caad","tarball":"http://registry.npmjs.org/cookie/-/cookie-0.2.0.tgz"},"directories":{}},"0.1.4":{"name":"cookie","description":"cookie parsing and serialization","version":"0.1.4","author":{"name":"Roman Shtylman","email":"shtylman@gmail.com"},"contributors":[{"name":"Douglas Christopher Wilson","email":"doug@somethingdoug.com"}],"license":"MIT","keywords":["cookie","cookies"],"repository":{"type":"git","url":"https://github.com/jshttp/cookie"},"devDependencies":{"istanbul":"0.3.20","mocha":"1.21.5"},"files":["HISTORY.md","LICENSE","README.md","index.js"],"engines":{"node":">= 0.6"},"scripts":{"test":"mocha --reporter spec --bail --check-leaks test/","test-ci":"istanbul cover node_modules/mocha/bin/_mocha --report lcovonly -- --reporter spec --check-leaks test/","test-cov":"istanbul cover node_modules/mocha/bin/_mocha -- --reporter dot --check-leaks test/"},"gitHead":"337c0f1be395c1b62b8cae4306a745012c62a989","bugs":{"url":"https://github.com/jshttp/cookie/issues"},"homepage":"https://github.com/jshttp/cookie","_id":"cookie@0.1.4","_shasum":"4955c0bd32fffa83b7433586185875876ea04e4b","_from":".","_npmVersion":"1.4.28","_npmUser":{"name":"dougwilson","email":"doug@somethingdoug.com"},"maintainers":[{"name":"defunctzombie","email":"shtylman@gmail.com"},{"name":"dougwilson","email":"doug@somethingdoug.com"},{"name":"jongleberry","email":"jonathanrichardong@gmail.com"}],"dist":{"shasum":"4955c0bd32fffa83b7433586185875876ea04e4b","tarball":"http://registry.npmjs.org/cookie/-/cookie-0.1.4.tgz"},"directories":{}},"0.2.1":{"name":"cookie","description":"cookie parsing and serialization","version":"0.2.1","author":{"name":"Roman Shtylman","email":"shtylman@gmail.com"},"contributors":[{"name":"Douglas Christopher Wilson","email":"doug@somethingdoug.com"}],"license":"MIT","keywords":["cookie","cookies"],"repository":{"type":"git","url":"https://github.com/jshttp/cookie"},"devDependencies":{"istanbul":"0.3.20","mocha":"1.21.5"},"files":["HISTORY.md","LICENSE","README.md","index.js"],"engines":{"node":">= 0.6"},"scripts":{"test":"mocha --reporter spec --bail --check-leaks test/","test-ci":"istanbul cover node_modules/mocha/bin/_mocha --report lcovonly -- --reporter spec --check-leaks test/","test-cov":"istanbul cover node_modules/mocha/bin/_mocha -- --reporter dot --check-leaks test/"},"gitHead":"f3b5262b23b8eb64c9cbebc6f6271894889b14b1","bugs":{"url":"https://github.com/jshttp/cookie/issues"},"homepage":"https://github.com/jshttp/cookie","_id":"cookie@0.2.1","_shasum":"e1bc7c07d1985c17ad7347502bac1a0eb072ac9a","_from":".","_npmVersion":"1.4.28","_npmUser":{"name":"dougwilson","email":"doug@somethingdoug.com"},"maintainers":[{"name":"defunctzombie","email":"shtylman@gmail.com"},{"name":"dougwilson","email":"doug@somethingdoug.com"},{"name":"jongleberry","email":"jonathanrichardong@gmail.com"}],"dist":{"shasum":"e1bc7c07d1985c17ad7347502bac1a0eb072ac9a","tarball":"http://registry.npmjs.org/cookie/-/cookie-0.2.1.tgz"},"directories":{}},"0.1.5":{"name":"cookie","description":"cookie parsing and serialization","version":"0.1.5","author":{"name":"Roman Shtylman","email":"shtylman@gmail.com"},"contributors":[{"name":"Douglas Christopher Wilson","email":"doug@somethingdoug.com"}],"license":"MIT","keywords":["cookie","cookies"],"repository":{"type":"git","url":"https://github.com/jshttp/cookie"},"devDependencies":{"istanbul":"0.3.20","mocha":"1.21.5"},"files":["HISTORY.md","LICENSE","README.md","index.js"],"engines":{"node":">= 0.6"},"scripts":{"test":"mocha --reporter spec --bail --check-leaks test/","test-ci":"istanbul cover node_modules/mocha/bin/_mocha --report lcovonly -- --reporter spec --check-leaks test/","test-cov":"istanbul cover node_modules/mocha/bin/_mocha -- --reporter dot --check-leaks test/"},"gitHead":"0dfc4876575cef2609cdc1082fccf832743822c2","bugs":{"url":"https://github.com/jshttp/cookie/issues"},"homepage":"https://github.com/jshttp/cookie","_id":"cookie@0.1.5","_shasum":"6ab9948a4b1ae21952cd2588530a4722d4044d7c","_from":".","_npmVersion":"1.4.28","_npmUser":{"name":"dougwilson","email":"doug@somethingdoug.com"},"maintainers":[{"name":"defunctzombie","email":"shtylman@gmail.com"},{"name":"dougwilson","email":"doug@somethingdoug.com"},{"name":"jongleberry","email":"jonathanrichardong@gmail.com"}],"dist":{"shasum":"6ab9948a4b1ae21952cd2588530a4722d4044d7c","tarball":"http://registry.npmjs.org/cookie/-/cookie-0.1.5.tgz"},"directories":{}},"0.2.2":{"name":"cookie","description":"cookie parsing and serialization","version":"0.2.2","author":{"name":"Roman Shtylman","email":"shtylman@gmail.com"},"contributors":[{"name":"Douglas Christopher Wilson","email":"doug@somethingdoug.com"}],"license":"MIT","keywords":["cookie","cookies"],"repository":{"type":"git","url":"https://github.com/jshttp/cookie"},"devDependencies":{"istanbul":"0.3.20","mocha":"1.21.5"},"files":["HISTORY.md","LICENSE","README.md","index.js"],"engines":{"node":">= 0.6"},"scripts":{"test":"mocha --reporter spec --bail --check-leaks test/","test-ci":"istanbul cover node_modules/mocha/bin/_mocha --report lcovonly -- --reporter spec --check-leaks test/","test-cov":"istanbul cover node_modules/mocha/bin/_mocha -- --reporter dot --check-leaks test/"},"gitHead":"9b481be547730c5f487364b720ab298d097541d5","bugs":{"url":"https://github.com/jshttp/cookie/issues"},"homepage":"https://github.com/jshttp/cookie","_id":"cookie@0.2.2","_shasum":"579ef8bc9b2d6f7e975a16bf4164d572e752e540","_from":".","_npmVersion":"1.4.28","_npmUser":{"name":"dougwilson","email":"doug@somethingdoug.com"},"maintainers":[{"name":"defunctzombie","email":"shtylman@gmail.com"},{"name":"dougwilson","email":"doug@somethingdoug.com"},{"name":"jongleberry","email":"jonathanrichardong@gmail.com"}],"dist":{"shasum":"579ef8bc9b2d6f7e975a16bf4164d572e752e540","tarball":"http://registry.npmjs.org/cookie/-/cookie-0.2.2.tgz"},"directories":{}},"0.2.3":{"name":"cookie","description":"cookie parsing and serialization","version":"0.2.3","author":{"name":"Roman Shtylman","email":"shtylman@gmail.com"},"contributors":[{"name":"Douglas Christopher Wilson","email":"doug@somethingdoug.com"}],"license":"MIT","keywords":["cookie","cookies"],"repository":{"type":"git","url":"https://github.com/jshttp/cookie"},"devDependencies":{"istanbul":"0.3.22","mocha":"1.21.5"},"files":["HISTORY.md","LICENSE","README.md","index.js"],"engines":{"node":">= 0.6"},"scripts":{"test":"mocha --reporter spec --bail --check-leaks test/","test-ci":"istanbul cover node_modules/mocha/bin/_mocha --report lcovonly -- --reporter spec --check-leaks test/","test-cov":"istanbul cover node_modules/mocha/bin/_mocha -- --reporter dot --check-leaks test/"},"gitHead":"35326af88e9665bb8ea1be280cb827523e9360a7","bugs":{"url":"https://github.com/jshttp/cookie/issues"},"homepage":"https://github.com/jshttp/cookie","_id":"cookie@0.2.3","_shasum":"1a59536af68537a21178a01346f87cb059d2ae5c","_from":".","_npmVersion":"1.4.28","_npmUser":{"name":"dougwilson","email":"doug@somethingdoug.com"},"maintainers":[{"name":"defunctzombie","email":"shtylman@gmail.com"},{"name":"dougwilson","email":"doug@somethingdoug.com"},{"name":"jongleberry","email":"jonathanrichardong@gmail.com"}],"dist":{"shasum":"1a59536af68537a21178a01346f87cb059d2ae5c","tarball":"http://registry.npmjs.org/cookie/-/cookie-0.2.3.tgz"},"directories":{}}},"readme":"# cookie\r\n\r\n[![NPM Version][npm-image]][npm-url]\r\n[![NPM Downloads][downloads-image]][downloads-url]\r\n[![Node.js Version][node-version-image]][node-version-url]\r\n[![Build Status][travis-image]][travis-url]\r\n[![Test Coverage][coveralls-image]][coveralls-url]\r\n\r\ncookie is a basic cookie parser and serializer. It doesn't make assumptions about how you are going to deal with your cookies. It basically just provides a way to read and write the HTTP cookie headers.\r\n\r\nSee [RFC6265](http://tools.ietf.org/html/rfc6265) for details about the http header for cookies.\r\n\r\n## how?\r\n\r\n```\r\nnpm install cookie\r\n```\r\n\r\n```javascript\r\nvar cookie = require('cookie');\r\n\r\nvar hdr = cookie.serialize('foo', 'bar');\r\n// hdr = 'foo=bar';\r\n\r\nvar cookies = cookie.parse('foo=bar; cat=meow; dog=ruff');\r\n// cookies = { foo: 'bar', cat: 'meow', dog: 'ruff' };\r\n```\r\n\r\n## more\r\n\r\nThe serialize function takes a third parameter, an object, to set cookie options. See the RFC for valid values.\r\n\r\n### path\r\n> cookie path\r\n\r\n### expires\r\n> absolute expiration date for the cookie (Date object)\r\n\r\n### maxAge\r\n> relative max age of the cookie from when the client receives it (seconds)\r\n\r\n### domain\r\n> domain for the cookie\r\n\r\n### secure\r\n> true or false\r\n\r\n### httpOnly\r\n> true or false\r\n\r\n### firstPartyOnly\r\n> true or false\r\n\r\n## License\r\n\r\n[MIT](LICENSE)\r\n\r\n[npm-image]: https://img.shields.io/npm/v/cookie.svg\r\n[npm-url]: https://npmjs.org/package/cookie\r\n[node-version-image]: https://img.shields.io/node/v/cookie.svg\r\n[node-version-url]: http://nodejs.org/download/\r\n[travis-image]: https://img.shields.io/travis/jshttp/cookie/master.svg\r\n[travis-url]: https://travis-ci.org/jshttp/cookie\r\n[coveralls-image]: https://img.shields.io/coveralls/jshttp/cookie/master.svg\r\n[coveralls-url]: https://coveralls.io/r/jshttp/cookie?branch=master\r\n[downloads-image]: https://img.shields.io/npm/dm/cookie.svg\r\n[downloads-url]: https://npmjs.org/package/cookie\r\n","maintainers":[{"name":"defunctzombie","email":"shtylman@gmail.com"},{"name":"dougwilson","email":"doug@somethingdoug.com"},{"name":"jongleberry","email":"jonathanrichardong@gmail.com"}],"time":{"modified":"2015-10-26T01:02:06.233Z","created":"2012-05-28T23:56:11.938Z","0.0.0":"2012-05-28T23:56:12.299Z","0.0.1":"2012-05-29T02:15:56.897Z","0.0.2":"2012-06-01T17:57:58.161Z","0.0.3":"2012-06-06T18:50:00.041Z","0.0.4":"2012-06-21T16:27:06.621Z","0.0.5":"2012-10-29T17:26:30.049Z","0.0.6":"2013-04-09T05:59:56.056Z","0.1.0":"2013-05-01T19:18:22.075Z","0.1.1":"2014-02-23T15:56:33.086Z","0.1.2":"2014-04-16T23:00:21.566Z","0.1.3":"2015-05-20T01:22:20.719Z","0.2.0":"2015-08-14T05:15:35.455Z","0.1.4":"2015-09-17T17:03:42.289Z","0.2.1":"2015-09-17T17:08:41.911Z","0.1.5":"2015-09-17T18:52:10.481Z","0.2.2":"2015-09-17T20:40:15.826Z","0.2.3":"2015-10-26T01:02:06.233Z"},"author":{"name":"Roman Shtylman","email":"shtylman@gmail.com"},"repository":{"type":"git","url":"https://github.com/jshttp/cookie"},"users":{"fgribreau":true,"m42am":true,"rhedenk":true,"substack":true,"grncdr":true,"masanorinyo":true,"qiuzuhui":true,"shen-weizhong":true,"dexteryy":true,"dofy":true,"dgarlitt":true,"priyaranjan":true,"roryrjb":true,"x_soth":true,"vboctor":true,"koulmomo":true,"goodseller":true,"simplyianm":true,"trotyl":true,"akiva":true,"dac2205":true,"flyslow":true,"markthethomas":true,"nickeljew":true,"ovuncozturk":true,"kungkk":true,"awzm":true,"antanst":true},"readmeFilename":"README.md","homepage":"https://github.com/jshttp/cookie","keywords":["cookie","cookies"],"bugs":{"url":"https://github.com/jshttp/cookie/issues"},"license":"MIT","contributors":[{"name":"Douglas Christopher Wilson","email":"doug@somethingdoug.com"}],"_attachments":{},"_etag":"\"9YGFDD9DFFTV3W4SKWILR4H79\""}