{"_id":"fresh","_rev":"26-bf67afa1bfb9c3627b4e4c0093a40674","name":"fresh","description":"HTTP response freshness testing","dist-tags":{"latest":"0.3.0"},"versions":{"0.0.1":{"name":"fresh","author":{"name":"TJ Holowaychuk","email":"tj@vision-media.ca","url":"http://tjholowaychuk.com"},"description":"HTTP response freshness testing","version":"0.0.1","main":"index.js","dependencies":{},"devDependencies":{"mocha":"*","should":"*"},"_npmUser":{"name":"tjholowaychuk","email":"tj@vision-media.ca"},"_id":"fresh@0.0.1","optionalDependencies":{},"engines":{"node":"*"},"_engineSupported":true,"_npmVersion":"1.1.24","_nodeVersion":"v0.6.19","_defaultsLoaded":true,"dist":{"shasum":"f98a0a1b9001b6e227fb9c65ff3927bdb7b404fa","tarball":"http://registry.npmjs.org/fresh/-/fresh-0.0.1.tgz"},"maintainers":[{"name":"tjholowaychuk","email":"tj@vision-media.ca"}],"directories":{}},"0.1.0":{"name":"fresh","author":{"name":"TJ Holowaychuk","email":"tj@vision-media.ca","url":"http://tjholowaychuk.com"},"description":"HTTP response freshness testing","version":"0.1.0","main":"index.js","dependencies":{},"devDependencies":{"mocha":"*","should":"*"},"_npmUser":{"name":"tjholowaychuk","email":"tj@vision-media.ca"},"_id":"fresh@0.1.0","optionalDependencies":{},"engines":{"node":"*"},"_engineSupported":true,"_npmVersion":"1.1.24","_nodeVersion":"v0.6.19","_defaultsLoaded":true,"dist":{"shasum":"03e4b0178424e4c2d5d19a54d8814cdc97934850","tarball":"http://registry.npmjs.org/fresh/-/fresh-0.1.0.tgz"},"maintainers":[{"name":"tjholowaychuk","email":"tj@vision-media.ca"}],"directories":{}},"0.2.0":{"name":"fresh","author":{"name":"TJ Holowaychuk","email":"tj@vision-media.ca","url":"http://tjholowaychuk.com"},"description":"HTTP response freshness testing","version":"0.2.0","main":"index.js","repository":{"type":"git","url":"https://github.com/visionmedia/node-fresh.git"},"dependencies":{},"devDependencies":{"mocha":"*","should":"*"},"bugs":{"url":"https://github.com/visionmedia/node-fresh/issues"},"_id":"fresh@0.2.0","dist":{"shasum":"bfd9402cf3df12c4a4c310c79f99a3dde13d34a7","tarball":"http://registry.npmjs.org/fresh/-/fresh-0.2.0.tgz"},"_from":".","_npmVersion":"1.3.4","_npmUser":{"name":"tjholowaychuk","email":"tj@vision-media.ca"},"maintainers":[{"name":"tjholowaychuk","email":"tj@vision-media.ca"}],"directories":{}},"0.2.1":{"name":"fresh","author":{"name":"TJ Holowaychuk","email":"tj@vision-media.ca","url":"http://tjholowaychuk.com"},"description":"HTTP response freshness testing","version":"0.2.1","main":"index.js","repository":{"type":"git","url":"https://github.com/visionmedia/node-fresh.git"},"dependencies":{},"devDependencies":{"mocha":"*","should":"*"},"licenses":[{"type":"MIT","url":"https://github.com/visionmedia/node-fresh/blob/master/Readme.md#license"}],"bugs":{"url":"https://github.com/visionmedia/node-fresh/issues"},"homepage":"https://github.com/visionmedia/node-fresh","_id":"fresh@0.2.1","dist":{"shasum":"13cc0b1f53fe0e6fa6a70c18d52ce3c5c56be066","tarball":"http://registry.npmjs.org/fresh/-/fresh-0.2.1.tgz"},"_from":".","_npmVersion":"1.3.15","_npmUser":{"name":"tjholowaychuk","email":"tj@vision-media.ca"},"maintainers":[{"name":"tjholowaychuk","email":"tj@vision-media.ca"}],"directories":{}},"0.2.2":{"name":"fresh","author":{"name":"TJ Holowaychuk","email":"tj@vision-media.ca","url":"http://tjholowaychuk.com"},"description":"HTTP response freshness testing","version":"0.2.2","main":"index.js","repository":{"type":"git","url":"https://github.com/visionmedia/node-fresh.git"},"dependencies":{},"devDependencies":{"mocha":"*","should":"*"},"licenses":[{"type":"MIT","url":"https://github.com/visionmedia/node-fresh/blob/master/Readme.md#license"}],"bugs":{"url":"https://github.com/visionmedia/node-fresh/issues"},"homepage":"https://github.com/visionmedia/node-fresh","_id":"fresh@0.2.2","dist":{"shasum":"9731dcf5678c7faeb44fb903c4f72df55187fa77","tarball":"http://registry.npmjs.org/fresh/-/fresh-0.2.2.tgz"},"_from":".","_npmVersion":"1.3.15","_npmUser":{"name":"tjholowaychuk","email":"tj@vision-media.ca"},"maintainers":[{"name":"tjholowaychuk","email":"tj@vision-media.ca"}],"directories":{}},"0.2.3":{"name":"fresh","author":{"name":"TJ Holowaychuk","email":"tj@vision-media.ca","url":"http://tjholowaychuk.com"},"description":"HTTP response freshness testing","version":"0.2.3","repository":{"type":"git","url":"https://github.com/jshttp/fresh"},"devDependencies":{"istanbul":"0","mocha":"1","should":"3"},"license":"MIT","scripts":{"test":"mocha --reporter spec --require should","test-cov":"istanbul cover node_modules/mocha/bin/_mocha -- --reporter dot --require should","test-travis":"istanbul cover node_modules/mocha/bin/_mocha --report lcovonly -- --reporter dot --require should"},"keywords":["fresh","http","conditional","cache"],"files":["index.js"],"gitHead":"a94cacdf94f85bd6a1e1210c5928e4b0d8518043","bugs":{"url":"https://github.com/jshttp/fresh/issues"},"homepage":"https://github.com/jshttp/fresh","_id":"fresh@0.2.3","_shasum":"2db40d43bc63830f418519380879d6bedde2e845","_from":".","_npmVersion":"1.4.21","_npmUser":{"name":"jongleberry","email":"jonathanrichardong@gmail.com"},"maintainers":[{"name":"tjholowaychuk","email":"tj@vision-media.ca"},{"name":"jonathanong","email":"jonathanrichardong@gmail.com"},{"name":"dougwilson","email":"doug@somethingdoug.com"},{"name":"jongleberry","email":"jonathanrichardong@gmail.com"}],"dist":{"shasum":"2db40d43bc63830f418519380879d6bedde2e845","tarball":"http://registry.npmjs.org/fresh/-/fresh-0.2.3.tgz"},"directories":{}},"0.2.4":{"name":"fresh","description":"HTTP response freshness testing","version":"0.2.4","author":{"name":"TJ Holowaychuk","email":"tj@vision-media.ca","url":"http://tjholowaychuk.com"},"license":"MIT","keywords":["fresh","http","conditional","cache"],"repository":{"type":"git","url":"https://github.com/jshttp/fresh"},"devDependencies":{"istanbul":"0","mocha":"1","should":"3"},"files":["HISTORY.md","LICENSE","index.js"],"engines":{"node":">= 0.6"},"scripts":{"test":"mocha --reporter spec --require should","test-cov":"istanbul cover node_modules/mocha/bin/_mocha -- --reporter dot --require should","test-travis":"istanbul cover node_modules/mocha/bin/_mocha --report lcovonly -- --reporter dot --require should"},"gitHead":"8440a4ca75fb091dec06e88654b3b1c31d7e7164","bugs":{"url":"https://github.com/jshttp/fresh/issues"},"homepage":"https://github.com/jshttp/fresh","_id":"fresh@0.2.4","_shasum":"3582499206c9723714190edd74b4604feb4a614c","_from":".","_npmVersion":"1.4.21","_npmUser":{"name":"dougwilson","email":"doug@somethingdoug.com"},"maintainers":[{"name":"tjholowaychuk","email":"tj@vision-media.ca"},{"name":"jonathanong","email":"jonathanrichardong@gmail.com"},{"name":"dougwilson","email":"doug@somethingdoug.com"},{"name":"jongleberry","email":"jonathanrichardong@gmail.com"}],"dist":{"shasum":"3582499206c9723714190edd74b4604feb4a614c","tarball":"http://registry.npmjs.org/fresh/-/fresh-0.2.4.tgz"},"directories":{}},"0.3.0":{"name":"fresh","description":"HTTP response freshness testing","version":"0.3.0","author":{"name":"TJ Holowaychuk","email":"tj@vision-media.ca","url":"http://tjholowaychuk.com"},"contributors":[{"name":"Douglas Christopher Wilson","email":"doug@somethingdoug.com"},{"name":"Jonathan Ong","email":"me@jongleberry.com","url":"http://jongleberry.com"}],"license":"MIT","keywords":["fresh","http","conditional","cache"],"repository":{"type":"git","url":"https://github.com/jshttp/fresh"},"devDependencies":{"istanbul":"0.3.9","mocha":"1.21.5"},"files":["HISTORY.md","LICENSE","index.js"],"engines":{"node":">= 0.6"},"scripts":{"test":"mocha --reporter spec --bail --check-leaks test/","test-cov":"istanbul cover node_modules/mocha/bin/_mocha -- --reporter dot --check-leaks test/","test-travis":"istanbul cover node_modules/mocha/bin/_mocha --report lcovonly -- --reporter spec --check-leaks test/"},"gitHead":"14616c9748368ca08cd6a955dd88ab659b778634","bugs":{"url":"https://github.com/jshttp/fresh/issues"},"homepage":"https://github.com/jshttp/fresh","_id":"fresh@0.3.0","_shasum":"651f838e22424e7566de161d8358caa199f83d4f","_from":".","_npmVersion":"1.4.28","_npmUser":{"name":"dougwilson","email":"doug@somethingdoug.com"},"maintainers":[{"name":"tjholowaychuk","email":"tj@vision-media.ca"},{"name":"jonathanong","email":"jonathanrichardong@gmail.com"},{"name":"dougwilson","email":"doug@somethingdoug.com"},{"name":"jongleberry","email":"jonathanrichardong@gmail.com"}],"dist":{"shasum":"651f838e22424e7566de161d8358caa199f83d4f","tarball":"http://registry.npmjs.org/fresh/-/fresh-0.3.0.tgz"},"directories":{}}},"readme":"# fresh\n\n[![NPM Version][npm-image]][npm-url]\n[![NPM Downloads][downloads-image]][downloads-url]\n[![Node.js Version][node-version-image]][node-version-url]\n[![Build Status][travis-image]][travis-url]\n[![Test Coverage][coveralls-image]][coveralls-url]\n\nHTTP response freshness testing\n\n## Installation\n\n```\n$ npm install fresh\n```\n\n## API\n\n```js\nvar fresh = require('fresh')\n```\n\n### fresh(req, res)\n\n Check freshness of `req` and `res` headers.\n\n When the cache is \"fresh\" __true__ is returned,\n otherwise __false__ is returned to indicate that\n the cache is now stale.\n\n## Example\n\n```js\nvar req = { 'if-none-match': 'tobi' };\nvar res = { 'etag': 'luna' };\nfresh(req, res);\n// => false\n\nvar req = { 'if-none-match': 'tobi' };\nvar res = { 'etag': 'tobi' };\nfresh(req, res);\n// => true\n```\n\n## License\n\n[MIT](LICENSE)\n\n[npm-image]: https://img.shields.io/npm/v/fresh.svg\n[npm-url]: https://npmjs.org/package/fresh\n[node-version-image]: https://img.shields.io/node/v/fresh.svg\n[node-version-url]: http://nodejs.org/download/\n[travis-image]: https://img.shields.io/travis/jshttp/fresh/master.svg\n[travis-url]: https://travis-ci.org/jshttp/fresh\n[coveralls-image]: https://img.shields.io/coveralls/jshttp/fresh/master.svg\n[coveralls-url]: https://coveralls.io/r/jshttp/fresh?branch=master\n[downloads-image]: https://img.shields.io/npm/dm/fresh.svg\n[downloads-url]: https://npmjs.org/package/fresh\n","maintainers":[{"name":"tjholowaychuk","email":"tj@vision-media.ca"},{"name":"jonathanong","email":"jonathanrichardong@gmail.com"},{"name":"dougwilson","email":"doug@somethingdoug.com"},{"name":"jongleberry","email":"jonathanrichardong@gmail.com"}],"time":{"modified":"2015-05-12T15:10:38.713Z","created":"2012-06-10T19:09:34.892Z","0.0.1":"2012-06-10T19:09:36.227Z","0.1.0":"2012-06-15T23:07:11.778Z","0.2.0":"2013-08-10T21:44:55.387Z","0.2.1":"2014-01-29T20:16:08.494Z","0.2.2":"2014-02-19T23:28:15.565Z","0.2.3":"2014-09-08T01:09:11.214Z","0.2.4":"2014-09-08T02:50:40.194Z","0.3.0":"2015-05-12T15:10:38.713Z"},"author":{"name":"TJ Holowaychuk","email":"tj@vision-media.ca","url":"http://tjholowaychuk.com"},"users":{"m42am":true,"goodseller":true,"simplyianm":true,"ninozhang":true},"repository":{"type":"git","url":"https://github.com/jshttp/fresh"},"readmeFilename":"README.md","homepage":"https://github.com/jshttp/fresh","bugs":{"url":"https://github.com/jshttp/fresh/issues"},"keywords":["fresh","http","conditional","cache"],"license":"MIT","contributors":[{"name":"Douglas Christopher Wilson","email":"doug@somethingdoug.com"},{"name":"Jonathan Ong","email":"me@jongleberry.com","url":"http://jongleberry.com"}],"_attachments":{},"_etag":"\"5XVCP2SQODMJCE6W6T6L94AF7\""}